,Algorithm,Size,State,It,Value
0,GENETIC,10,BestState,1,8
1,GENETIC,10,WorstState,1,10
2,GENETIC,10,BestState,2,6
3,GENETIC,10,WorstState,2,10
4,GENETIC,10,BestState,3,6
5,GENETIC,10,WorstState,3,10
6,GENETIC,10,BestState,4,7
7,GENETIC,10,WorstState,4,10
8,GENETIC,10,BestState,5,6
9,GENETIC,10,WorstState,5,9
10,GENETIC,10,BestState,6,6
11,GENETIC,10,WorstState,6,10
12,GENETIC,10,BestState,7,7
13,GENETIC,10,WorstState,7,10
14,GENETIC,10,BestState,8,6
15,GENETIC,10,WorstState,8,10
16,GENETIC,10,BestState,9,6
17,GENETIC,10,WorstState,9,10
18,GENETIC,10,BestState,10,6
19,GENETIC,10,WorstState,10,10
20,GENETIC,10,BestState,11,6
21,GENETIC,10,WorstState,11,10
22,GENETIC,10,BestState,12,6
23,GENETIC,10,WorstState,12,10
24,GENETIC,10,BestState,13,6
25,GENETIC,10,WorstState,13,10
26,GENETIC,10,BestState,14,7
27,GENETIC,10,WorstState,14,10
28,GENETIC,10,BestState,15,6
29,GENETIC,10,WorstState,15,10
30,GENETIC,10,BestState,16,5
31,GENETIC,10,WorstState,16,10
32,GENETIC,10,BestState,17,5
33,GENETIC,10,WorstState,17,8
34,GENETIC,10,BestState,18,5
35,GENETIC,10,WorstState,18,10
36,GENETIC,10,BestState,19,5
37,GENETIC,10,WorstState,19,8
38,GENETIC,10,BestState,20,5
39,GENETIC,10,WorstState,20,10
40,GENETIC,10,BestState,21,6
41,GENETIC,10,WorstState,21,10
42,GENETIC,10,BestState,22,5
43,GENETIC,10,WorstState,22,10
44,GENETIC,10,BestState,23,4
45,GENETIC,10,WorstState,23,10
46,GENETIC,10,BestState,24,7
47,GENETIC,10,WorstState,24,10
48,GENETIC,10,BestState,25,4
49,GENETIC,10,WorstState,25,10
50,GENETIC,10,BestState,26,5
51,GENETIC,10,WorstState,26,10
52,GENETIC,10,BestState,27,5
53,GENETIC,10,WorstState,27,10
54,GENETIC,10,BestState,28,3
55,GENETIC,10,WorstState,28,9
56,GENETIC,10,BestState,29,3
57,GENETIC,10,WorstState,29,10
58,GENETIC,10,BestState,30,3
59,GENETIC,10,WorstState,30,9
60,GENETIC,10,BestState,31,3
61,GENETIC,10,WorstState,31,9
62,GENETIC,10,BestState,32,3
63,GENETIC,10,WorstState,32,10
64,GENETIC,10,BestState,33,3
65,GENETIC,10,WorstState,33,10
66,GENETIC,10,BestState,34,3
67,GENETIC,10,WorstState,34,10
68,GENETIC,10,BestState,35,3
69,GENETIC,10,WorstState,35,10
70,GENETIC,10,BestState,36,7
71,GENETIC,10,WorstState,36,10
72,GENETIC,10,BestState,37,7
73,GENETIC,10,WorstState,37,10
74,GENETIC,10,BestState,38,6
75,GENETIC,10,WorstState,38,10
76,GENETIC,10,BestState,39,5
77,GENETIC,10,WorstState,39,9
78,GENETIC,10,BestState,40,5
79,GENETIC,10,WorstState,40,9
80,GENETIC,10,BestState,41,5
81,GENETIC,10,WorstState,41,9
82,GENETIC,10,BestState,42,5
83,GENETIC,10,WorstState,42,10
84,GENETIC,10,BestState,43,5
85,GENETIC,10,WorstState,43,9
86,GENETIC,10,BestState,44,5
87,GENETIC,10,WorstState,44,9
88,GENETIC,10,BestState,45,5
89,GENETIC,10,WorstState,45,10
90,GENETIC,10,BestState,46,5
91,GENETIC,10,WorstState,46,9
92,GENETIC,10,BestState,47,6
93,GENETIC,10,WorstState,47,10
94,GENETIC,10,BestState,48,5
95,GENETIC,10,WorstState,48,10
96,GENETIC,10,BestState,49,5
97,GENETIC,10,WorstState,49,10
98,GENETIC,10,BestState,50,5
99,GENETIC,10,WorstState,50,10
100,GENETIC,10,BestState,51,5
101,GENETIC,10,WorstState,51,10
102,GENETIC,10,BestState,52,5
103,GENETIC,10,WorstState,52,10
104,GENETIC,10,BestState,53,5
105,GENETIC,10,WorstState,53,10
106,GENETIC,10,BestState,54,5
107,GENETIC,10,WorstState,54,9
108,GENETIC,10,BestState,55,5
109,GENETIC,10,WorstState,55,10
110,GENETIC,10,BestState,56,5
111,GENETIC,10,WorstState,56,10
112,GENETIC,10,BestState,57,5
113,GENETIC,10,WorstState,57,9
114,GENETIC,10,BestState,58,4
115,GENETIC,10,WorstState,58,9
116,GENETIC,10,BestState,59,4
117,GENETIC,10,WorstState,59,9
118,GENETIC,10,BestState,60,4
119,GENETIC,10,WorstState,60,9
120,GENETIC,10,BestState,61,4
121,GENETIC,10,WorstState,61,10
122,GENETIC,10,BestState,62,4
123,GENETIC,10,WorstState,62,10
124,GENETIC,10,BestState,63,4
125,GENETIC,10,WorstState,63,10
126,GENETIC,10,BestState,64,4
127,GENETIC,10,WorstState,64,10
128,GENETIC,10,BestState,65,4
129,GENETIC,10,WorstState,65,9
130,GENETIC,10,BestState,66,4
131,GENETIC,10,WorstState,66,10
132,GENETIC,10,BestState,67,4
133,GENETIC,10,WorstState,67,10
134,GENETIC,10,BestState,68,4
135,GENETIC,10,WorstState,68,10
136,GENETIC,10,BestState,69,4
137,GENETIC,10,WorstState,69,10
138,GENETIC,10,BestState,70,4
139,GENETIC,10,WorstState,70,10
140,GENETIC,10,BestState,71,5
141,GENETIC,10,WorstState,71,9
142,GENETIC,10,BestState,72,4
143,GENETIC,10,WorstState,72,10
144,GENETIC,10,BestState,73,5
145,GENETIC,10,WorstState,73,10
146,GENETIC,10,BestState,74,4
147,GENETIC,10,WorstState,74,9
148,GENETIC,10,BestState,75,5
149,GENETIC,10,WorstState,75,9
150,GENETIC,10,BestState,76,5
151,GENETIC,10,WorstState,76,9
152,GENETIC,10,BestState,77,5
153,GENETIC,10,WorstState,77,8
154,GENETIC,10,BestState,78,5
155,GENETIC,10,WorstState,78,10
156,GENETIC,10,BestState,79,5
157,GENETIC,10,WorstState,79,10
158,GENETIC,10,BestState,80,4
159,GENETIC,10,WorstState,80,9
160,GENETIC,10,BestState,81,4
161,GENETIC,10,WorstState,81,10
162,GENETIC,10,BestState,82,3
163,GENETIC,10,WorstState,82,10
164,GENETIC,10,BestState,83,3
165,GENETIC,10,WorstState,83,10
166,GENETIC,10,BestState,84,2
167,GENETIC,10,WorstState,84,10
168,GENETIC,10,BestState,85,2
169,GENETIC,10,WorstState,85,9
170,GENETIC,10,BestState,86,2
171,GENETIC,10,WorstState,86,10
172,GENETIC,10,BestState,87,2
173,GENETIC,10,WorstState,87,9
174,GENETIC,10,BestState,88,2
175,GENETIC,10,WorstState,88,9
176,GENETIC,10,BestState,89,2
177,GENETIC,10,WorstState,89,10
178,GENETIC,10,BestState,90,2
179,GENETIC,10,WorstState,90,8
180,GENETIC,10,BestState,91,2
181,GENETIC,10,WorstState,91,8
182,GENETIC,10,BestState,92,2
183,GENETIC,10,WorstState,92,9
184,GENETIC,10,BestState,93,2
185,GENETIC,10,WorstState,93,9
186,GENETIC,10,BestState,94,2
187,GENETIC,10,WorstState,94,10
188,GENETIC,10,BestState,95,2
189,GENETIC,10,WorstState,95,9
190,GENETIC,10,BestState,96,2
191,GENETIC,10,WorstState,96,8
192,GENETIC,10,BestState,97,2
193,GENETIC,10,WorstState,97,9
194,GENETIC,10,BestState,98,2
195,GENETIC,10,WorstState,98,9
196,GENETIC,10,BestState,99,2
197,GENETIC,10,WorstState,99,9
198,GENETIC,10,BestState,100,2
199,GENETIC,10,WorstState,100,9
200,GENETIC,10,BestState,101,7
201,GENETIC,10,WorstState,101,10
202,GENETIC,10,BestState,102,6
203,GENETIC,10,WorstState,102,10
204,GENETIC,10,BestState,103,6
205,GENETIC,10,WorstState,103,10
206,GENETIC,10,BestState,104,6
207,GENETIC,10,WorstState,104,9
208,GENETIC,10,BestState,105,5
209,GENETIC,10,WorstState,105,10
210,GENETIC,10,BestState,106,5
211,GENETIC,10,WorstState,106,10
212,GENETIC,10,BestState,107,5
213,GENETIC,10,WorstState,107,10
214,GENETIC,10,BestState,108,4
215,GENETIC,10,WorstState,108,10
216,GENETIC,10,BestState,109,5
217,GENETIC,10,WorstState,109,10
218,GENETIC,10,BestState,110,5
219,GENETIC,10,WorstState,110,10
220,GENETIC,10,BestState,111,5
221,GENETIC,10,WorstState,111,9
222,GENETIC,10,BestState,112,5
223,GENETIC,10,WorstState,112,9
224,GENETIC,10,BestState,113,3
225,GENETIC,10,WorstState,113,10
226,GENETIC,10,BestState,114,3
227,GENETIC,10,WorstState,114,10
228,GENETIC,10,BestState,115,3
229,GENETIC,10,WorstState,115,10
230,GENETIC,10,BestState,116,5
231,GENETIC,10,WorstState,116,9
232,GENETIC,10,BestState,117,3
233,GENETIC,10,WorstState,117,9
234,GENETIC,10,BestState,118,3
235,GENETIC,10,WorstState,118,10
236,GENETIC,10,BestState,119,5
237,GENETIC,10,WorstState,119,10
238,GENETIC,10,BestState,120,5
239,GENETIC,10,WorstState,120,10
240,GENETIC,10,BestState,121,5
241,GENETIC,10,WorstState,121,9
242,GENETIC,10,BestState,122,5
243,GENETIC,10,WorstState,122,10
244,GENETIC,10,BestState,123,5
245,GENETIC,10,WorstState,123,9
246,GENETIC,10,BestState,124,4
247,GENETIC,10,WorstState,124,10
248,GENETIC,10,BestState,125,4
249,GENETIC,10,WorstState,125,10
250,GENETIC,10,BestState,126,4
251,GENETIC,10,WorstState,126,10
252,GENETIC,10,BestState,127,3
253,GENETIC,10,WorstState,127,9
254,GENETIC,10,BestState,128,4
255,GENETIC,10,WorstState,128,10
256,GENETIC,10,BestState,129,3
257,GENETIC,10,WorstState,129,10
258,GENETIC,10,BestState,130,3
259,GENETIC,10,WorstState,130,10
260,GENETIC,10,BestState,131,3
261,GENETIC,10,WorstState,131,9
262,GENETIC,10,BestState,132,5
263,GENETIC,10,WorstState,132,9
264,GENETIC,10,BestState,133,4
265,GENETIC,10,WorstState,133,10
266,GENETIC,10,BestState,134,4
267,GENETIC,10,WorstState,134,10
268,GENETIC,10,BestState,135,4
269,GENETIC,10,WorstState,135,10
270,GENETIC,10,BestState,136,4
271,GENETIC,10,WorstState,136,10
272,GENETIC,10,BestState,137,4
273,GENETIC,10,WorstState,137,9
274,GENETIC,10,BestState,138,5
275,GENETIC,10,WorstState,138,10
276,GENETIC,10,BestState,139,4
277,GENETIC,10,WorstState,139,10
278,GENETIC,10,BestState,140,4
279,GENETIC,10,WorstState,140,10
280,GENETIC,10,BestState,141,4
281,GENETIC,10,WorstState,141,9
282,GENETIC,10,BestState,142,4
283,GENETIC,10,WorstState,142,10
284,GENETIC,10,BestState,143,4
285,GENETIC,10,WorstState,143,10
286,GENETIC,10,BestState,144,4
287,GENETIC,10,WorstState,144,10
288,GENETIC,10,BestState,145,4
289,GENETIC,10,WorstState,145,9
290,GENETIC,10,BestState,146,4
291,GENETIC,10,WorstState,146,10
292,GENETIC,10,BestState,147,4
293,GENETIC,10,WorstState,147,9
294,GENETIC,10,BestState,148,4
295,GENETIC,10,WorstState,148,10
296,GENETIC,10,BestState,149,4
297,GENETIC,10,WorstState,149,9
298,GENETIC,10,BestState,150,4
299,GENETIC,10,WorstState,150,9
300,GENETIC,10,BestState,151,3
301,GENETIC,10,WorstState,151,9
302,GENETIC,10,BestState,152,3
303,GENETIC,10,WorstState,152,9
304,GENETIC,10,BestState,153,4
305,GENETIC,10,WorstState,153,10
306,GENETIC,10,BestState,154,5
307,GENETIC,10,WorstState,154,10
308,GENETIC,10,BestState,155,5
309,GENETIC,10,WorstState,155,8
310,GENETIC,10,BestState,156,4
311,GENETIC,10,WorstState,156,9
312,GENETIC,10,BestState,157,5
313,GENETIC,10,WorstState,157,10
314,GENETIC,10,BestState,158,5
315,GENETIC,10,WorstState,158,10
316,GENETIC,10,BestState,159,5
317,GENETIC,10,WorstState,159,9
318,GENETIC,10,BestState,160,4
319,GENETIC,10,WorstState,160,10
320,GENETIC,10,BestState,161,4
321,GENETIC,10,WorstState,161,9
322,GENETIC,10,BestState,162,4
323,GENETIC,10,WorstState,162,9
324,GENETIC,10,BestState,163,4
325,GENETIC,10,WorstState,163,9
326,GENETIC,10,BestState,164,4
327,GENETIC,10,WorstState,164,10
328,GENETIC,10,BestState,165,4
329,GENETIC,10,WorstState,165,10
330,GENETIC,10,BestState,166,4
331,GENETIC,10,WorstState,166,9
332,GENETIC,10,BestState,167,4
333,GENETIC,10,WorstState,167,10
334,GENETIC,10,BestState,168,4
335,GENETIC,10,WorstState,168,9
336,GENETIC,10,BestState,169,4
337,GENETIC,10,WorstState,169,7
338,GENETIC,10,BestState,170,4
339,GENETIC,10,WorstState,170,10
340,GENETIC,10,BestState,171,4
341,GENETIC,10,WorstState,171,9
342,GENETIC,10,BestState,172,4
343,GENETIC,10,WorstState,172,10
344,GENETIC,10,BestState,173,4
345,GENETIC,10,WorstState,173,9
346,GENETIC,10,BestState,174,4
347,GENETIC,10,WorstState,174,8
348,GENETIC,10,BestState,175,4
349,GENETIC,10,WorstState,175,10
350,GENETIC,10,BestState,176,4
351,GENETIC,10,WorstState,176,10
352,GENETIC,10,BestState,177,5
353,GENETIC,10,WorstState,177,10
354,GENETIC,10,BestState,178,4
355,GENETIC,10,WorstState,178,10
356,GENETIC,10,BestState,179,4
357,GENETIC,10,WorstState,179,9
358,GENETIC,10,BestState,180,4
359,GENETIC,10,WorstState,180,10
360,GENETIC,10,BestState,181,4
361,GENETIC,10,WorstState,181,10
362,GENETIC,10,BestState,182,4
363,GENETIC,10,WorstState,182,10
364,GENETIC,10,BestState,183,5
365,GENETIC,10,WorstState,183,10
366,GENETIC,10,BestState,184,5
367,GENETIC,10,WorstState,184,9
368,GENETIC,10,BestState,185,5
369,GENETIC,10,WorstState,185,10
370,GENETIC,10,BestState,186,4
371,GENETIC,10,WorstState,186,9
372,GENETIC,10,BestState,187,5
373,GENETIC,10,WorstState,187,9
374,GENETIC,10,BestState,188,5
375,GENETIC,10,WorstState,188,9
376,GENETIC,10,BestState,189,5
377,GENETIC,10,WorstState,189,9
378,GENETIC,10,BestState,190,5
379,GENETIC,10,WorstState,190,9
380,GENETIC,10,BestState,191,5
381,GENETIC,10,WorstState,191,10
382,GENETIC,10,BestState,192,6
383,GENETIC,10,WorstState,192,9
384,GENETIC,10,BestState,193,5
385,GENETIC,10,WorstState,193,10
386,GENETIC,10,BestState,194,6
387,GENETIC,10,WorstState,194,10
388,GENETIC,10,BestState,195,6
389,GENETIC,10,WorstState,195,10
390,GENETIC,10,BestState,196,5
391,GENETIC,10,WorstState,196,10
392,GENETIC,10,BestState,197,3
393,GENETIC,10,WorstState,197,9
394,GENETIC,10,BestState,198,3
395,GENETIC,10,WorstState,198,9
396,GENETIC,10,BestState,199,3
397,GENETIC,10,WorstState,199,10
398,GENETIC,10,BestState,200,4
399,GENETIC,10,WorstState,200,10
400,GENETIC,10,BestState,201,5
401,GENETIC,10,WorstState,201,9
402,GENETIC,10,BestState,202,4
403,GENETIC,10,WorstState,202,10
404,GENETIC,10,BestState,203,4
405,GENETIC,10,WorstState,203,10
406,GENETIC,10,BestState,204,4
407,GENETIC,10,WorstState,204,10
408,GENETIC,10,BestState,205,4
409,GENETIC,10,WorstState,205,9
410,GENETIC,10,BestState,206,4
411,GENETIC,10,WorstState,206,10
412,GENETIC,10,BestState,207,4
413,GENETIC,10,WorstState,207,10
414,GENETIC,10,BestState,208,4
415,GENETIC,10,WorstState,208,9
416,GENETIC,10,BestState,209,4
417,GENETIC,10,WorstState,209,9
418,GENETIC,10,BestState,210,3
419,GENETIC,10,WorstState,210,9
420,GENETIC,10,BestState,211,4
421,GENETIC,10,WorstState,211,9
422,GENETIC,10,BestState,212,4
423,GENETIC,10,WorstState,212,9
424,GENETIC,10,BestState,213,4
425,GENETIC,10,WorstState,213,10
426,GENETIC,10,BestState,214,4
427,GENETIC,10,WorstState,214,9
428,GENETIC,10,BestState,215,3
429,GENETIC,10,WorstState,215,9
430,GENETIC,10,BestState,216,3
431,GENETIC,10,WorstState,216,10
432,GENETIC,10,BestState,217,3
433,GENETIC,10,WorstState,217,10
434,GENETIC,10,BestState,218,3
435,GENETIC,10,WorstState,218,10
436,GENETIC,10,BestState,219,3
437,GENETIC,10,WorstState,219,9
438,GENETIC,10,BestState,220,3
439,GENETIC,10,WorstState,220,9
440,GENETIC,10,BestState,221,3
441,GENETIC,10,WorstState,221,9
442,GENETIC,10,BestState,222,5
443,GENETIC,10,WorstState,222,10
444,GENETIC,10,BestState,223,5
445,GENETIC,10,WorstState,223,10
446,GENETIC,10,BestState,224,5
447,GENETIC,10,WorstState,224,9
448,GENETIC,10,BestState,225,5
449,GENETIC,10,WorstState,225,10
450,GENETIC,10,BestState,226,5
451,GENETIC,10,WorstState,226,10
452,GENETIC,10,BestState,227,5
453,GENETIC,10,WorstState,227,9
454,GENETIC,10,BestState,228,5
455,GENETIC,10,WorstState,228,10
456,GENETIC,10,BestState,229,6
457,GENETIC,10,WorstState,229,10
458,GENETIC,10,BestState,230,5
459,GENETIC,10,WorstState,230,9
460,GENETIC,10,BestState,231,5
461,GENETIC,10,WorstState,231,10
462,GENETIC,10,BestState,232,5
463,GENETIC,10,WorstState,232,10
464,GENETIC,10,BestState,233,5
465,GENETIC,10,WorstState,233,10
466,GENETIC,10,BestState,234,4
467,GENETIC,10,WorstState,234,10
468,GENETIC,10,BestState,235,4
469,GENETIC,10,WorstState,235,10
470,GENETIC,10,BestState,236,4
471,GENETIC,10,WorstState,236,10
472,GENETIC,10,BestState,237,4
473,GENETIC,10,WorstState,237,10
474,GENETIC,10,BestState,238,4
475,GENETIC,10,WorstState,238,9
476,GENETIC,10,BestState,239,4
477,GENETIC,10,WorstState,239,10
478,GENETIC,10,BestState,240,4
479,GENETIC,10,WorstState,240,9
480,GENETIC,10,BestState,241,4
481,GENETIC,10,WorstState,241,10
482,GENETIC,10,BestState,242,4
483,GENETIC,10,WorstState,242,10
484,GENETIC,10,BestState,243,4
485,GENETIC,10,WorstState,243,10
486,GENETIC,10,BestState,244,4
487,GENETIC,10,WorstState,244,8
488,GENETIC,10,BestState,245,4
489,GENETIC,10,WorstState,245,10
490,GENETIC,10,BestState,246,4
491,GENETIC,10,WorstState,246,10
492,GENETIC,10,BestState,247,4
493,GENETIC,10,WorstState,247,10
494,GENETIC,10,BestState,248,4
495,GENETIC,10,WorstState,248,10
496,GENETIC,10,BestState,249,4
497,GENETIC,10,WorstState,249,10
498,GENETIC,10,BestState,250,4
499,GENETIC,10,WorstState,250,9
500,GENETIC,10,BestState,251,4
501,GENETIC,10,WorstState,251,10
502,GENETIC,10,BestState,252,4
503,GENETIC,10,WorstState,252,10
504,GENETIC,10,BestState,253,3
505,GENETIC,10,WorstState,253,8
506,GENETIC,10,BestState,254,3
507,GENETIC,10,WorstState,254,9
508,GENETIC,10,BestState,255,3
509,GENETIC,10,WorstState,255,10
510,GENETIC,10,BestState,256,3
511,GENETIC,10,WorstState,256,9
512,GENETIC,10,BestState,257,3
513,GENETIC,10,WorstState,257,10
514,GENETIC,10,BestState,258,3
515,GENETIC,10,WorstState,258,9
516,GENETIC,10,BestState,259,3
517,GENETIC,10,WorstState,259,9
518,GENETIC,10,BestState,260,3
519,GENETIC,10,WorstState,260,10
520,GENETIC,10,BestState,261,3
521,GENETIC,10,WorstState,261,10
522,GENETIC,10,BestState,262,4
523,GENETIC,10,WorstState,262,10
524,GENETIC,10,BestState,263,3
525,GENETIC,10,WorstState,263,9
526,GENETIC,10,BestState,264,3
527,GENETIC,10,WorstState,264,9
528,GENETIC,10,BestState,265,3
529,GENETIC,10,WorstState,265,9
530,GENETIC,10,BestState,266,3
531,GENETIC,10,WorstState,266,9
532,GENETIC,10,BestState,267,3
533,GENETIC,10,WorstState,267,9
534,GENETIC,10,BestState,268,3
535,GENETIC,10,WorstState,268,9
536,GENETIC,10,BestState,269,3
537,GENETIC,10,WorstState,269,8
538,GENETIC,10,BestState,270,3
539,GENETIC,10,WorstState,270,10
540,GENETIC,10,BestState,271,3
541,GENETIC,10,WorstState,271,8
542,GENETIC,10,BestState,272,3
543,GENETIC,10,WorstState,272,9
544,GENETIC,10,BestState,273,3
545,GENETIC,10,WorstState,273,10
546,GENETIC,10,BestState,274,3
547,GENETIC,10,WorstState,274,9
548,GENETIC,10,BestState,275,3
549,GENETIC,10,WorstState,275,9
550,GENETIC,10,BestState,276,3
551,GENETIC,10,WorstState,276,8
552,GENETIC,10,BestState,277,3
553,GENETIC,10,WorstState,277,9
554,GENETIC,10,BestState,278,3
555,GENETIC,10,WorstState,278,10
556,GENETIC,10,BestState,279,3
557,GENETIC,10,WorstState,279,9
558,GENETIC,10,BestState,280,3
559,GENETIC,10,WorstState,280,10
560,GENETIC,10,BestState,281,3
561,GENETIC,10,WorstState,281,9
562,GENETIC,10,BestState,282,3
563,GENETIC,10,WorstState,282,9
564,GENETIC,10,BestState,283,3
565,GENETIC,10,WorstState,283,10
566,GENETIC,10,BestState,284,3
567,GENETIC,10,WorstState,284,9
568,GENETIC,10,BestState,285,3
569,GENETIC,10,WorstState,285,9
570,GENETIC,10,BestState,286,3
571,GENETIC,10,WorstState,286,10
572,GENETIC,10,BestState,287,3
573,GENETIC,10,WorstState,287,9
574,GENETIC,10,BestState,288,3
575,GENETIC,10,WorstState,288,10
576,GENETIC,10,BestState,289,3
577,GENETIC,10,WorstState,289,9
578,GENETIC,10,BestState,290,3
579,GENETIC,10,WorstState,290,9
580,GENETIC,10,BestState,291,3
581,GENETIC,10,WorstState,291,10
582,GENETIC,10,BestState,292,3
583,GENETIC,10,WorstState,292,9
584,GENETIC,10,BestState,293,3
585,GENETIC,10,WorstState,293,9
586,GENETIC,10,BestState,294,3
587,GENETIC,10,WorstState,294,9
588,GENETIC,10,BestState,295,3
589,GENETIC,10,WorstState,295,10
590,GENETIC,10,BestState,296,3
591,GENETIC,10,WorstState,296,10
592,GENETIC,10,BestState,297,3
593,GENETIC,10,WorstState,297,10
594,GENETIC,10,BestState,298,4
595,GENETIC,10,WorstState,298,10
596,GENETIC,10,BestState,299,4
597,GENETIC,10,WorstState,299,10
598,GENETIC,10,BestState,300,3
599,GENETIC,10,WorstState,300,10
600,GENETIC,10,BestState,301,3
601,GENETIC,10,WorstState,301,10
602,GENETIC,10,BestState,302,3
603,GENETIC,10,WorstState,302,10
604,GENETIC,10,BestState,303,4
605,GENETIC,10,WorstState,303,10
606,GENETIC,10,BestState,304,5
607,GENETIC,10,WorstState,304,10
608,GENETIC,10,BestState,305,5
609,GENETIC,10,WorstState,305,9
610,GENETIC,10,BestState,306,4
611,GENETIC,10,WorstState,306,9
612,GENETIC,10,BestState,307,4
613,GENETIC,10,WorstState,307,10
614,GENETIC,10,BestState,308,4
615,GENETIC,10,WorstState,308,10
616,GENETIC,10,BestState,309,2
617,GENETIC,10,WorstState,309,10
618,GENETIC,10,BestState,310,2
619,GENETIC,10,WorstState,310,10
620,GENETIC,10,BestState,311,2
621,GENETIC,10,WorstState,311,10
622,GENETIC,10,BestState,312,2
623,GENETIC,10,WorstState,312,10
624,GENETIC,10,BestState,313,2
625,GENETIC,10,WorstState,313,9
626,GENETIC,10,BestState,314,2
627,GENETIC,10,WorstState,314,8
628,GENETIC,10,BestState,315,2
629,GENETIC,10,WorstState,315,9
630,GENETIC,10,BestState,316,2
631,GENETIC,10,WorstState,316,10
632,GENETIC,10,BestState,317,3
633,GENETIC,10,WorstState,317,10
634,GENETIC,10,BestState,318,2
635,GENETIC,10,WorstState,318,10
636,GENETIC,10,BestState,319,2
637,GENETIC,10,WorstState,319,9
638,GENETIC,10,BestState,320,2
639,GENETIC,10,WorstState,320,10
640,GENETIC,10,BestState,321,2
641,GENETIC,10,WorstState,321,7
642,GENETIC,10,BestState,322,2
643,GENETIC,10,WorstState,322,9
644,GENETIC,10,BestState,323,2
645,GENETIC,10,WorstState,323,10
646,GENETIC,10,BestState,324,2
647,GENETIC,10,WorstState,324,10
648,GENETIC,10,BestState,325,2
649,GENETIC,10,WorstState,325,9
650,GENETIC,10,BestState,326,2
651,GENETIC,10,WorstState,326,8
652,GENETIC,10,BestState,327,2
653,GENETIC,10,WorstState,327,9
654,GENETIC,10,BestState,328,2
655,GENETIC,10,WorstState,328,10
656,GENETIC,10,BestState,329,2
657,GENETIC,10,WorstState,329,10
658,GENETIC,10,BestState,330,2
659,GENETIC,10,WorstState,330,9
660,GENETIC,10,BestState,331,2
661,GENETIC,10,WorstState,331,9
662,GENETIC,10,BestState,332,2
663,GENETIC,10,WorstState,332,8
664,GENETIC,10,BestState,333,2
665,GENETIC,10,WorstState,333,9
666,GENETIC,10,BestState,334,2
667,GENETIC,10,WorstState,334,8
668,GENETIC,10,BestState,335,2
669,GENETIC,10,WorstState,335,9
670,GENETIC,10,BestState,336,2
671,GENETIC,10,WorstState,336,9
672,GENETIC,10,BestState,337,2
673,GENETIC,10,WorstState,337,10
674,GENETIC,10,BestState,338,2
675,GENETIC,10,WorstState,338,8
676,GENETIC,10,BestState,339,2
677,GENETIC,10,WorstState,339,9
678,GENETIC,10,BestState,340,2
679,GENETIC,10,WorstState,340,10
680,GENETIC,10,BestState,341,2
681,GENETIC,10,WorstState,341,10
682,GENETIC,10,BestState,342,2
683,GENETIC,10,WorstState,342,9
684,GENETIC,10,BestState,343,2
685,GENETIC,10,WorstState,343,9
686,GENETIC,10,BestState,344,2
687,GENETIC,10,WorstState,344,9
688,GENETIC,10,BestState,345,2
689,GENETIC,10,WorstState,345,9
690,GENETIC,10,BestState,346,2
691,GENETIC,10,WorstState,346,10
692,GENETIC,10,BestState,347,2
693,GENETIC,10,WorstState,347,9
694,GENETIC,10,BestState,348,2
695,GENETIC,10,WorstState,348,9
696,GENETIC,10,BestState,349,2
697,GENETIC,10,WorstState,349,10
698,GENETIC,10,BestState,350,2
699,GENETIC,10,WorstState,350,10
700,GENETIC,10,BestState,351,2
701,GENETIC,10,WorstState,351,9
702,GENETIC,10,BestState,352,2
703,GENETIC,10,WorstState,352,10
704,GENETIC,10,BestState,353,2
705,GENETIC,10,WorstState,353,10
706,GENETIC,10,BestState,354,2
707,GENETIC,10,WorstState,354,9
708,GENETIC,10,BestState,355,2
709,GENETIC,10,WorstState,355,10
710,GENETIC,10,BestState,356,2
711,GENETIC,10,WorstState,356,9
712,GENETIC,10,BestState,357,2
713,GENETIC,10,WorstState,357,10
714,GENETIC,10,BestState,358,2
715,GENETIC,10,WorstState,358,9
716,GENETIC,10,BestState,359,2
717,GENETIC,10,WorstState,359,10
718,GENETIC,10,BestState,360,2
719,GENETIC,10,WorstState,360,9
720,GENETIC,10,BestState,361,2
721,GENETIC,10,WorstState,361,9
722,GENETIC,10,BestState,362,2
723,GENETIC,10,WorstState,362,9
724,GENETIC,10,BestState,363,5
725,GENETIC,10,WorstState,363,10
726,GENETIC,10,BestState,364,5
727,GENETIC,10,WorstState,364,9
728,GENETIC,10,BestState,365,7
729,GENETIC,10,WorstState,365,10
730,GENETIC,10,BestState,366,7
731,GENETIC,10,WorstState,366,10
732,GENETIC,10,BestState,367,7
733,GENETIC,10,WorstState,367,9
734,GENETIC,10,BestState,368,7
735,GENETIC,10,WorstState,368,10
736,GENETIC,10,BestState,369,6
737,GENETIC,10,WorstState,369,10
738,GENETIC,10,BestState,370,6
739,GENETIC,10,WorstState,370,9
740,GENETIC,10,BestState,371,6
741,GENETIC,10,WorstState,371,10
742,GENETIC,10,BestState,372,4
743,GENETIC,10,WorstState,372,9
744,GENETIC,10,BestState,373,2
745,GENETIC,10,WorstState,373,10
746,GENETIC,10,BestState,374,2
747,GENETIC,10,WorstState,374,10
748,GENETIC,10,BestState,375,2
749,GENETIC,10,WorstState,375,10
750,GENETIC,10,BestState,376,4
751,GENETIC,10,WorstState,376,10
752,GENETIC,10,BestState,377,3
753,GENETIC,10,WorstState,377,8
754,GENETIC,10,BestState,378,3
755,GENETIC,10,WorstState,378,9
756,GENETIC,10,BestState,379,3
757,GENETIC,10,WorstState,379,9
758,GENETIC,10,BestState,380,3
759,GENETIC,10,WorstState,380,9
760,GENETIC,10,BestState,381,3
761,GENETIC,10,WorstState,381,9
762,GENETIC,10,BestState,382,3
763,GENETIC,10,WorstState,382,9
764,GENETIC,10,BestState,383,3
765,GENETIC,10,WorstState,383,10
766,GENETIC,10,BestState,384,3
767,GENETIC,10,WorstState,384,9
768,GENETIC,10,BestState,385,3
769,GENETIC,10,WorstState,385,9
770,GENETIC,10,BestState,386,3
771,GENETIC,10,WorstState,386,10
772,GENETIC,10,BestState,387,3
773,GENETIC,10,WorstState,387,10
774,GENETIC,10,BestState,388,3
775,GENETIC,10,WorstState,388,9
776,GENETIC,10,BestState,389,3
777,GENETIC,10,WorstState,389,9
778,GENETIC,10,BestState,390,3
779,GENETIC,10,WorstState,390,10
780,GENETIC,10,BestState,391,3
781,GENETIC,10,WorstState,391,10
782,GENETIC,10,BestState,392,3
783,GENETIC,10,WorstState,392,9
784,GENETIC,10,BestState,393,3
785,GENETIC,10,WorstState,393,8
786,GENETIC,10,BestState,394,3
787,GENETIC,10,WorstState,394,9
788,GENETIC,10,BestState,395,3
789,GENETIC,10,WorstState,395,8
790,GENETIC,10,BestState,396,3
791,GENETIC,10,WorstState,396,9
792,GENETIC,10,BestState,397,3
793,GENETIC,10,WorstState,397,10
794,GENETIC,10,BestState,398,3
795,GENETIC,10,WorstState,398,10
796,GENETIC,10,BestState,399,3
797,GENETIC,10,WorstState,399,9
798,GENETIC,10,BestState,400,3
799,GENETIC,10,WorstState,400,10
800,GENETIC,10,BestState,401,3
801,GENETIC,10,WorstState,401,10
802,GENETIC,10,BestState,402,3
803,GENETIC,10,WorstState,402,9
804,GENETIC,10,BestState,403,3
805,GENETIC,10,WorstState,403,9
806,GENETIC,10,BestState,404,3
807,GENETIC,10,WorstState,404,7
808,GENETIC,10,BestState,405,3
809,GENETIC,10,WorstState,405,8
810,GENETIC,10,BestState,406,3
811,GENETIC,10,WorstState,406,10
812,GENETIC,10,BestState,407,3
813,GENETIC,10,WorstState,407,10
814,GENETIC,10,BestState,408,3
815,GENETIC,10,WorstState,408,10
816,GENETIC,10,BestState,409,3
817,GENETIC,10,WorstState,409,10
818,GENETIC,10,BestState,410,3
819,GENETIC,10,WorstState,410,10
820,GENETIC,10,BestState,411,3
821,GENETIC,10,WorstState,411,9
822,GENETIC,10,BestState,412,3
823,GENETIC,10,WorstState,412,10
824,GENETIC,10,BestState,413,3
825,GENETIC,10,WorstState,413,10
826,GENETIC,10,BestState,414,4
827,GENETIC,10,WorstState,414,10
828,GENETIC,10,BestState,415,4
829,GENETIC,10,WorstState,415,10
830,GENETIC,10,BestState,416,4
831,GENETIC,10,WorstState,416,9
832,GENETIC,10,BestState,417,4
833,GENETIC,10,WorstState,417,9
834,GENETIC,10,BestState,418,4
835,GENETIC,10,WorstState,418,10
836,GENETIC,10,BestState,419,4
837,GENETIC,10,WorstState,419,10
838,GENETIC,10,BestState,420,4
839,GENETIC,10,WorstState,420,10
840,GENETIC,10,BestState,421,4
841,GENETIC,10,WorstState,421,9
842,GENETIC,10,BestState,422,4
843,GENETIC,10,WorstState,422,9
844,GENETIC,10,BestState,423,4
845,GENETIC,10,WorstState,423,10
846,GENETIC,10,BestState,424,4
847,GENETIC,10,WorstState,424,10
848,GENETIC,10,BestState,425,4
849,GENETIC,10,WorstState,425,9
850,GENETIC,10,BestState,426,4
851,GENETIC,10,WorstState,426,10
852,GENETIC,10,BestState,427,4
853,GENETIC,10,WorstState,427,9
854,GENETIC,10,BestState,428,4
855,GENETIC,10,WorstState,428,10
856,GENETIC,10,BestState,429,4
857,GENETIC,10,WorstState,429,10
858,GENETIC,10,BestState,430,4
859,GENETIC,10,WorstState,430,10
860,GENETIC,10,BestState,431,4
861,GENETIC,10,WorstState,431,9
862,GENETIC,10,BestState,432,4
863,GENETIC,10,WorstState,432,10
864,GENETIC,10,BestState,433,4
865,GENETIC,10,WorstState,433,10
866,GENETIC,10,BestState,434,5
867,GENETIC,10,WorstState,434,9
868,GENETIC,10,BestState,435,5
869,GENETIC,10,WorstState,435,10
870,GENETIC,10,BestState,436,4
871,GENETIC,10,WorstState,436,10
872,GENETIC,10,BestState,437,4
873,GENETIC,10,WorstState,437,9
874,GENETIC,10,BestState,438,4
875,GENETIC,10,WorstState,438,9
876,GENETIC,10,BestState,439,5
877,GENETIC,10,WorstState,439,9
878,GENETIC,10,BestState,440,4
879,GENETIC,10,WorstState,440,9
880,GENETIC,10,BestState,441,4
881,GENETIC,10,WorstState,441,9
882,GENETIC,10,BestState,442,4
883,GENETIC,10,WorstState,442,9
884,GENETIC,10,BestState,443,4
885,GENETIC,10,WorstState,443,9
886,GENETIC,10,BestState,444,4
887,GENETIC,10,WorstState,444,10
888,GENETIC,10,BestState,445,3
889,GENETIC,10,WorstState,445,9
890,GENETIC,10,BestState,446,3
891,GENETIC,10,WorstState,446,9
892,GENETIC,10,BestState,447,3
893,GENETIC,10,WorstState,447,10
894,GENETIC,10,BestState,448,7
895,GENETIC,10,WorstState,448,10
896,GENETIC,10,BestState,449,7
897,GENETIC,10,WorstState,449,10
898,GENETIC,10,BestState,450,7
899,GENETIC,10,WorstState,450,9
900,GENETIC,10,BestState,451,7
901,GENETIC,10,WorstState,451,10
902,GENETIC,10,BestState,452,7
903,GENETIC,10,WorstState,452,10
904,GENETIC,10,BestState,453,7
905,GENETIC,10,WorstState,453,10
906,GENETIC,10,BestState,454,7
907,GENETIC,10,WorstState,454,9
908,GENETIC,10,BestState,455,7
909,GENETIC,10,WorstState,455,9
910,GENETIC,10,BestState,456,7
911,GENETIC,10,WorstState,456,10
912,GENETIC,10,BestState,457,7
913,GENETIC,10,WorstState,457,10
914,GENETIC,10,BestState,458,6
915,GENETIC,10,WorstState,458,10
916,GENETIC,10,BestState,459,7
917,GENETIC,10,WorstState,459,10
918,GENETIC,10,BestState,460,7
919,GENETIC,10,WorstState,460,10
920,GENETIC,10,BestState,461,7
921,GENETIC,10,WorstState,461,9
922,GENETIC,10,BestState,462,7
923,GENETIC,10,WorstState,462,10
924,GENETIC,10,BestState,463,7
925,GENETIC,10,WorstState,463,10
926,GENETIC,10,BestState,464,7
927,GENETIC,10,WorstState,464,10
928,GENETIC,10,BestState,465,7
929,GENETIC,10,WorstState,465,10
930,GENETIC,10,BestState,466,7
931,GENETIC,10,WorstState,466,10
932,GENETIC,10,BestState,467,7
933,GENETIC,10,WorstState,467,10
934,GENETIC,10,BestState,468,7
935,GENETIC,10,WorstState,468,10
936,GENETIC,10,BestState,469,7
937,GENETIC,10,WorstState,469,10
938,GENETIC,10,BestState,470,7
939,GENETIC,10,WorstState,470,10
940,GENETIC,10,BestState,471,6
941,GENETIC,10,WorstState,471,10
942,GENETIC,10,BestState,472,6
943,GENETIC,10,WorstState,472,9
944,GENETIC,10,BestState,473,4
945,GENETIC,10,WorstState,473,10
946,GENETIC,10,BestState,474,6
947,GENETIC,10,WorstState,474,9
948,GENETIC,10,BestState,475,5
949,GENETIC,10,WorstState,475,9
950,GENETIC,10,BestState,476,4
951,GENETIC,10,WorstState,476,8
952,GENETIC,10,BestState,477,4
953,GENETIC,10,WorstState,477,9
954,GENETIC,10,BestState,478,4
955,GENETIC,10,WorstState,478,10
956,GENETIC,10,BestState,479,4
957,GENETIC,10,WorstState,479,10
958,GENETIC,10,BestState,480,7
959,GENETIC,10,WorstState,480,10
960,GENETIC,10,BestState,481,5
961,GENETIC,10,WorstState,481,10
962,GENETIC,10,BestState,482,4
963,GENETIC,10,WorstState,482,9
964,GENETIC,10,BestState,483,4
965,GENETIC,10,WorstState,483,9
966,GENETIC,10,BestState,484,4
967,GENETIC,10,WorstState,484,10
968,GENETIC,10,BestState,485,6
969,GENETIC,10,WorstState,485,10
970,GENETIC,10,BestState,486,6
971,GENETIC,10,WorstState,486,10
972,GENETIC,10,BestState,487,4
973,GENETIC,10,WorstState,487,10
974,GENETIC,10,BestState,488,4
975,GENETIC,10,WorstState,488,10
976,GENETIC,10,BestState,489,7
977,GENETIC,10,WorstState,489,10
978,GENETIC,10,BestState,490,8
979,GENETIC,10,WorstState,490,9
980,GENETIC,10,BestState,491,8
981,GENETIC,10,WorstState,491,9
982,GENETIC,10,BestState,492,6
983,GENETIC,10,WorstState,492,10
984,GENETIC,10,BestState,493,6
985,GENETIC,10,WorstState,493,10
986,GENETIC,10,BestState,494,7
987,GENETIC,10,WorstState,494,10
988,GENETIC,10,BestState,495,7
989,GENETIC,10,WorstState,495,10
990,GENETIC,10,BestState,496,6
991,GENETIC,10,WorstState,496,10
992,GENETIC,10,BestState,497,7
993,GENETIC,10,WorstState,497,10
994,GENETIC,10,BestState,498,4
995,GENETIC,10,WorstState,498,9
996,GENETIC,10,BestState,499,4
997,GENETIC,10,WorstState,499,10
998,GENETIC,10,BestState,500,4
999,GENETIC,10,WorstState,500,10
1000,GENETIC,10,BestState,501,4
1001,GENETIC,10,WorstState,501,7
1002,GENETIC,10,BestState,502,4
1003,GENETIC,10,WorstState,502,9
1004,GENETIC,10,BestState,503,4
1005,GENETIC,10,WorstState,503,9
1006,GENETIC,10,BestState,504,4
1007,GENETIC,10,WorstState,504,10
1008,GENETIC,10,BestState,505,4
1009,GENETIC,10,WorstState,505,10
1010,GENETIC,10,BestState,506,4
1011,GENETIC,10,WorstState,506,10
1012,GENETIC,10,BestState,507,6
1013,GENETIC,10,WorstState,507,10
1014,GENETIC,10,BestState,508,5
1015,GENETIC,10,WorstState,508,8
1016,GENETIC,10,BestState,509,4
1017,GENETIC,10,WorstState,509,10
1018,GENETIC,10,BestState,510,6
1019,GENETIC,10,WorstState,510,9
1020,GENETIC,10,BestState,511,6
1021,GENETIC,10,WorstState,511,9
1022,GENETIC,10,BestState,512,6
1023,GENETIC,10,WorstState,512,9
1024,GENETIC,10,BestState,513,6
1025,GENETIC,10,WorstState,513,10
1026,GENETIC,10,BestState,514,6
1027,GENETIC,10,WorstState,514,9
1028,GENETIC,10,BestState,515,6
1029,GENETIC,10,WorstState,515,10
1030,GENETIC,10,BestState,516,5
1031,GENETIC,10,WorstState,516,10
1032,GENETIC,10,BestState,517,5
1033,GENETIC,10,WorstState,517,10
1034,GENETIC,10,BestState,518,6
1035,GENETIC,10,WorstState,518,9
1036,GENETIC,10,BestState,519,6
1037,GENETIC,10,WorstState,519,10
1038,GENETIC,10,BestState,520,5
1039,GENETIC,10,WorstState,520,10
1040,GENETIC,10,BestState,521,5
1041,GENETIC,10,WorstState,521,10
1042,GENETIC,10,BestState,522,5
1043,GENETIC,10,WorstState,522,10
1044,GENETIC,10,BestState,523,5
1045,GENETIC,10,WorstState,523,9
1046,GENETIC,10,BestState,524,5
1047,GENETIC,10,WorstState,524,10
1048,GENETIC,10,BestState,525,5
1049,GENETIC,10,WorstState,525,10
1050,GENETIC,10,BestState,526,5
1051,GENETIC,10,WorstState,526,8
1052,GENETIC,10,BestState,527,3
1053,GENETIC,10,WorstState,527,7
1054,GENETIC,10,BestState,528,3
1055,GENETIC,10,WorstState,528,9
1056,GENETIC,10,BestState,529,5
1057,GENETIC,10,WorstState,529,10
1058,GENETIC,10,BestState,530,5
1059,GENETIC,10,WorstState,530,10
1060,GENETIC,10,BestState,531,5
1061,GENETIC,10,WorstState,531,10
1062,GENETIC,10,BestState,532,5
1063,GENETIC,10,WorstState,532,10
1064,GENETIC,10,BestState,533,5
1065,GENETIC,10,WorstState,533,7
1066,GENETIC,10,BestState,534,5
1067,GENETIC,10,WorstState,534,10
1068,GENETIC,10,BestState,535,5
1069,GENETIC,10,WorstState,535,9
1070,GENETIC,10,BestState,536,5
1071,GENETIC,10,WorstState,536,9
1072,GENETIC,10,BestState,537,3
1073,GENETIC,10,WorstState,537,10
1074,GENETIC,10,BestState,538,3
1075,GENETIC,10,WorstState,538,10
1076,GENETIC,10,BestState,539,3
1077,GENETIC,10,WorstState,539,10
1078,GENETIC,10,BestState,540,3
1079,GENETIC,10,WorstState,540,9
1080,GENETIC,10,BestState,541,3
1081,GENETIC,10,WorstState,541,10
1082,GENETIC,10,BestState,542,3
1083,GENETIC,10,WorstState,542,10
1084,GENETIC,10,BestState,543,3
1085,GENETIC,10,WorstState,543,10
1086,GENETIC,10,BestState,544,3
1087,GENETIC,10,WorstState,544,9
1088,GENETIC,10,BestState,545,3
1089,GENETIC,10,WorstState,545,10
1090,GENETIC,10,BestState,546,3
1091,GENETIC,10,WorstState,546,9
1092,GENETIC,10,BestState,547,3
1093,GENETIC,10,WorstState,547,9
1094,GENETIC,10,BestState,548,3
1095,GENETIC,10,WorstState,548,10
1096,GENETIC,10,BestState,549,4
1097,GENETIC,10,WorstState,549,9
1098,GENETIC,10,BestState,550,3
1099,GENETIC,10,WorstState,550,10
1100,GENETIC,10,BestState,551,3
1101,GENETIC,10,WorstState,551,9
1102,GENETIC,10,BestState,552,3
1103,GENETIC,10,WorstState,552,9
1104,GENETIC,10,BestState,553,4
1105,GENETIC,10,WorstState,553,9
1106,GENETIC,10,BestState,554,5
1107,GENETIC,10,WorstState,554,10
1108,GENETIC,10,BestState,555,4
1109,GENETIC,10,WorstState,555,9
1110,GENETIC,10,BestState,556,5
1111,GENETIC,10,WorstState,556,10
1112,GENETIC,10,BestState,557,5
1113,GENETIC,10,WorstState,557,10
1114,GENETIC,10,BestState,558,6
1115,GENETIC,10,WorstState,558,10
1116,GENETIC,10,BestState,559,5
1117,GENETIC,10,WorstState,559,10
1118,GENETIC,10,BestState,560,5
1119,GENETIC,10,WorstState,560,9
1120,GENETIC,10,BestState,561,6
1121,GENETIC,10,WorstState,561,9
1122,GENETIC,10,BestState,562,6
1123,GENETIC,10,WorstState,562,10
1124,GENETIC,10,BestState,563,6
1125,GENETIC,10,WorstState,563,10
1126,GENETIC,10,BestState,564,6
1127,GENETIC,10,WorstState,564,10
1128,GENETIC,10,BestState,565,6
1129,GENETIC,10,WorstState,565,10
1130,GENETIC,10,BestState,566,6
1131,GENETIC,10,WorstState,566,10
1132,GENETIC,10,BestState,567,6
1133,GENETIC,10,WorstState,567,10
1134,GENETIC,10,BestState,568,7
1135,GENETIC,10,WorstState,568,10
1136,GENETIC,10,BestState,569,6
1137,GENETIC,10,WorstState,569,10
1138,GENETIC,10,BestState,570,6
1139,GENETIC,10,WorstState,570,10
1140,GENETIC,10,BestState,571,6
1141,GENETIC,10,WorstState,571,9
1142,GENETIC,10,BestState,572,7
1143,GENETIC,10,WorstState,572,9
1144,GENETIC,10,BestState,573,6
1145,GENETIC,10,WorstState,573,9
1146,GENETIC,10,BestState,574,3
1147,GENETIC,10,WorstState,574,10
1148,GENETIC,10,BestState,575,3
1149,GENETIC,10,WorstState,575,8
1150,GENETIC,10,BestState,576,3
1151,GENETIC,10,WorstState,576,10
1152,GENETIC,10,BestState,577,4
1153,GENETIC,10,WorstState,577,9
1154,GENETIC,10,BestState,578,5
1155,GENETIC,10,WorstState,578,10
1156,GENETIC,10,BestState,579,7
1157,GENETIC,10,WorstState,579,10
1158,GENETIC,10,BestState,580,7
1159,GENETIC,10,WorstState,580,10
1160,GENETIC,10,BestState,581,6
1161,GENETIC,10,WorstState,581,10
1162,GENETIC,10,BestState,582,7
1163,GENETIC,10,WorstState,582,10
1164,GENETIC,10,BestState,583,6
1165,GENETIC,10,WorstState,583,10
1166,GENETIC,10,BestState,584,6
1167,GENETIC,10,WorstState,584,10
1168,GENETIC,10,BestState,585,6
1169,GENETIC,10,WorstState,585,10
1170,GENETIC,10,BestState,586,7
1171,GENETIC,10,WorstState,586,10
1172,GENETIC,10,BestState,587,7
1173,GENETIC,10,WorstState,587,10
1174,GENETIC,10,BestState,588,7
1175,GENETIC,10,WorstState,588,10
1176,GENETIC,10,BestState,589,7
1177,GENETIC,10,WorstState,589,10
1178,GENETIC,10,BestState,590,6
1179,GENETIC,10,WorstState,590,9
1180,GENETIC,10,BestState,591,5
1181,GENETIC,10,WorstState,591,10
1182,GENETIC,10,BestState,592,5
1183,GENETIC,10,WorstState,592,10
1184,GENETIC,10,BestState,593,6
1185,GENETIC,10,WorstState,593,9
1186,GENETIC,10,BestState,594,7
1187,GENETIC,10,WorstState,594,10
1188,GENETIC,10,BestState,595,6
1189,GENETIC,10,WorstState,595,10
1190,GENETIC,10,BestState,596,6
1191,GENETIC,10,WorstState,596,10
1192,GENETIC,10,BestState,597,5
1193,GENETIC,10,WorstState,597,9
1194,GENETIC,10,BestState,598,5
1195,GENETIC,10,WorstState,598,10
1196,GENETIC,10,BestState,599,5
1197,GENETIC,10,WorstState,599,10
1198,GENETIC,10,BestState,600,5
1199,GENETIC,10,WorstState,600,10
1200,GENETIC,10,BestState,601,5
1201,GENETIC,10,WorstState,601,9
1202,GENETIC,10,BestState,602,5
1203,GENETIC,10,WorstState,602,10
1204,GENETIC,10,BestState,603,5
1205,GENETIC,10,WorstState,603,10
1206,GENETIC,10,BestState,604,5
1207,GENETIC,10,WorstState,604,10
1208,GENETIC,10,BestState,605,5
1209,GENETIC,10,WorstState,605,10
1210,GENETIC,10,BestState,606,5
1211,GENETIC,10,WorstState,606,10
1212,GENETIC,10,BestState,607,5
1213,GENETIC,10,WorstState,607,9
1214,GENETIC,10,BestState,608,5
1215,GENETIC,10,WorstState,608,10
1216,GENETIC,10,BestState,609,5
1217,GENETIC,10,WorstState,609,8
1218,GENETIC,10,BestState,610,5
1219,GENETIC,10,WorstState,610,8
1220,GENETIC,10,BestState,611,5
1221,GENETIC,10,WorstState,611,9
1222,GENETIC,10,BestState,612,5
1223,GENETIC,10,WorstState,612,10
1224,GENETIC,10,BestState,613,5
1225,GENETIC,10,WorstState,613,10
1226,GENETIC,10,BestState,614,5
1227,GENETIC,10,WorstState,614,10
1228,GENETIC,10,BestState,615,5
1229,GENETIC,10,WorstState,615,10
1230,GENETIC,10,BestState,616,5
1231,GENETIC,10,WorstState,616,10
1232,GENETIC,10,BestState,617,6
1233,GENETIC,10,WorstState,617,10
1234,GENETIC,10,BestState,618,6
1235,GENETIC,10,WorstState,618,10
1236,GENETIC,10,BestState,619,5
1237,GENETIC,10,WorstState,619,9
1238,GENETIC,10,BestState,620,5
1239,GENETIC,10,WorstState,620,10
1240,GENETIC,10,BestState,621,7
1241,GENETIC,10,WorstState,621,10
1242,GENETIC,10,BestState,622,6
1243,GENETIC,10,WorstState,622,10
1244,GENETIC,10,BestState,623,5
1245,GENETIC,10,WorstState,623,10
1246,GENETIC,10,BestState,624,4
1247,GENETIC,10,WorstState,624,10
1248,GENETIC,10,BestState,625,3
1249,GENETIC,10,WorstState,625,9
1250,GENETIC,10,BestState,626,2
1251,GENETIC,10,WorstState,626,9
1252,GENETIC,10,BestState,627,2
1253,GENETIC,10,WorstState,627,9
1254,GENETIC,10,BestState,628,2
1255,GENETIC,10,WorstState,628,9
1256,GENETIC,10,BestState,629,2
1257,GENETIC,10,WorstState,629,10
1258,GENETIC,10,BestState,630,2
1259,GENETIC,10,WorstState,630,10
1260,GENETIC,10,BestState,631,2
1261,GENETIC,10,WorstState,631,9
1262,GENETIC,10,BestState,632,2
1263,GENETIC,10,WorstState,632,9
1264,GENETIC,10,BestState,633,2
1265,GENETIC,10,WorstState,633,10
1266,GENETIC,10,BestState,634,2
1267,GENETIC,10,WorstState,634,9
1268,GENETIC,10,BestState,635,2
1269,GENETIC,10,WorstState,635,9
1270,GENETIC,10,BestState,636,2
1271,GENETIC,10,WorstState,636,9
1272,GENETIC,10,BestState,637,2
1273,GENETIC,10,WorstState,637,9
1274,GENETIC,10,BestState,638,2
1275,GENETIC,10,WorstState,638,9
1276,GENETIC,10,BestState,639,2
1277,GENETIC,10,WorstState,639,8
1278,GENETIC,10,BestState,640,2
1279,GENETIC,10,WorstState,640,9
1280,GENETIC,10,BestState,641,2
1281,GENETIC,10,WorstState,641,10
1282,GENETIC,10,BestState,642,2
1283,GENETIC,10,WorstState,642,10
1284,GENETIC,10,BestState,643,2
1285,GENETIC,10,WorstState,643,10
1286,GENETIC,10,BestState,644,2
1287,GENETIC,10,WorstState,644,9
1288,GENETIC,10,BestState,645,2
1289,GENETIC,10,WorstState,645,9
1290,GENETIC,10,BestState,646,2
1291,GENETIC,10,WorstState,646,9
1292,GENETIC,10,BestState,647,2
1293,GENETIC,10,WorstState,647,10
1294,GENETIC,10,BestState,648,2
1295,GENETIC,10,WorstState,648,9
1296,GENETIC,10,BestState,649,2
1297,GENETIC,10,WorstState,649,10
1298,GENETIC,10,BestState,650,2
1299,GENETIC,10,WorstState,650,10
1300,GENETIC,10,BestState,651,2
1301,GENETIC,10,WorstState,651,10
1302,GENETIC,10,BestState,652,2
1303,GENETIC,10,WorstState,652,9
1304,GENETIC,10,BestState,653,2
1305,GENETIC,10,WorstState,653,10
1306,GENETIC,10,BestState,654,2
1307,GENETIC,10,WorstState,654,9
1308,GENETIC,10,BestState,655,2
1309,GENETIC,10,WorstState,655,9
1310,GENETIC,10,BestState,656,2
1311,GENETIC,10,WorstState,656,9
1312,GENETIC,10,BestState,657,2
1313,GENETIC,10,WorstState,657,9
1314,GENETIC,10,BestState,658,2
1315,GENETIC,10,WorstState,658,10
1316,GENETIC,10,BestState,659,2
1317,GENETIC,10,WorstState,659,9
1318,GENETIC,10,BestState,660,2
1319,GENETIC,10,WorstState,660,9
1320,GENETIC,10,BestState,661,2
1321,GENETIC,10,WorstState,661,8
1322,GENETIC,10,BestState,662,2
1323,GENETIC,10,WorstState,662,10
1324,GENETIC,10,BestState,663,2
1325,GENETIC,10,WorstState,663,9
1326,GENETIC,10,BestState,664,2
1327,GENETIC,10,WorstState,664,9
1328,GENETIC,10,BestState,665,2
1329,GENETIC,10,WorstState,665,10
1330,GENETIC,10,BestState,666,2
1331,GENETIC,10,WorstState,666,9
1332,GENETIC,10,BestState,667,2
1333,GENETIC,10,WorstState,667,8
1334,GENETIC,10,BestState,668,2
1335,GENETIC,10,WorstState,668,9
1336,GENETIC,10,BestState,669,2
1337,GENETIC,10,WorstState,669,9
1338,GENETIC,10,BestState,670,2
1339,GENETIC,10,WorstState,670,9
1340,GENETIC,10,BestState,671,2
1341,GENETIC,10,WorstState,671,9
1342,GENETIC,10,BestState,672,2
1343,GENETIC,10,WorstState,672,9
1344,GENETIC,10,BestState,673,2
1345,GENETIC,10,WorstState,673,10
1346,GENETIC,10,BestState,674,2
1347,GENETIC,10,WorstState,674,9
1348,GENETIC,10,BestState,675,2
1349,GENETIC,10,WorstState,675,9
1350,GENETIC,10,BestState,676,2
1351,GENETIC,10,WorstState,676,10
1352,GENETIC,10,BestState,677,2
1353,GENETIC,10,WorstState,677,10
1354,GENETIC,10,BestState,678,2
1355,GENETIC,10,WorstState,678,9
1356,GENETIC,10,BestState,679,2
1357,GENETIC,10,WorstState,679,10
1358,GENETIC,10,BestState,680,2
1359,GENETIC,10,WorstState,680,10
1360,GENETIC,10,BestState,681,2
1361,GENETIC,10,WorstState,681,9
1362,GENETIC,10,BestState,682,2
1363,GENETIC,10,WorstState,682,9
1364,GENETIC,10,BestState,683,2
1365,GENETIC,10,WorstState,683,9
1366,GENETIC,10,BestState,684,2
1367,GENETIC,10,WorstState,684,9
1368,GENETIC,10,BestState,685,2
1369,GENETIC,10,WorstState,685,10
1370,GENETIC,10,BestState,686,2
1371,GENETIC,10,WorstState,686,9
1372,GENETIC,10,BestState,687,2
1373,GENETIC,10,WorstState,687,10
1374,GENETIC,10,BestState,688,2
1375,GENETIC,10,WorstState,688,9
1376,GENETIC,10,BestState,689,2
1377,GENETIC,10,WorstState,689,9
1378,GENETIC,10,BestState,690,2
1379,GENETIC,10,WorstState,690,10
1380,GENETIC,10,BestState,691,2
1381,GENETIC,10,WorstState,691,9
1382,GENETIC,10,BestState,692,2
1383,GENETIC,10,WorstState,692,9
1384,GENETIC,10,BestState,693,2
1385,GENETIC,10,WorstState,693,9
1386,GENETIC,10,BestState,694,2
1387,GENETIC,10,WorstState,694,10
1388,GENETIC,10,BestState,695,2
1389,GENETIC,10,WorstState,695,8
1390,GENETIC,10,BestState,696,2
1391,GENETIC,10,WorstState,696,10
1392,GENETIC,10,BestState,697,2
1393,GENETIC,10,WorstState,697,9
1394,GENETIC,10,BestState,698,2
1395,GENETIC,10,WorstState,698,9
1396,GENETIC,10,BestState,699,2
1397,GENETIC,10,WorstState,699,9
1398,GENETIC,10,BestState,700,2
1399,GENETIC,10,WorstState,700,9
1400,GENETIC,10,BestState,701,2
1401,GENETIC,10,WorstState,701,10
1402,GENETIC,10,BestState,702,2
1403,GENETIC,10,WorstState,702,10
1404,GENETIC,10,BestState,703,2
1405,GENETIC,10,WorstState,703,10
1406,GENETIC,10,BestState,704,2
1407,GENETIC,10,WorstState,704,10
1408,GENETIC,10,BestState,705,2
1409,GENETIC,10,WorstState,705,8
1410,GENETIC,10,BestState,706,2
1411,GENETIC,10,WorstState,706,10
1412,GENETIC,10,BestState,707,2
1413,GENETIC,10,WorstState,707,9
1414,GENETIC,10,BestState,708,2
1415,GENETIC,10,WorstState,708,10
1416,GENETIC,10,BestState,709,2
1417,GENETIC,10,WorstState,709,9
1418,GENETIC,10,BestState,710,2
1419,GENETIC,10,WorstState,710,9
1420,GENETIC,10,BestState,711,2
1421,GENETIC,10,WorstState,711,9
1422,GENETIC,10,BestState,712,2
1423,GENETIC,10,WorstState,712,10
1424,GENETIC,10,BestState,713,2
1425,GENETIC,10,WorstState,713,9
1426,GENETIC,10,BestState,714,2
1427,GENETIC,10,WorstState,714,10
1428,GENETIC,10,BestState,715,2
1429,GENETIC,10,WorstState,715,9
1430,GENETIC,10,BestState,716,2
1431,GENETIC,10,WorstState,716,9
1432,GENETIC,10,BestState,717,2
1433,GENETIC,10,WorstState,717,8
1434,GENETIC,10,BestState,718,2
1435,GENETIC,10,WorstState,718,10
1436,GENETIC,10,BestState,719,2
1437,GENETIC,10,WorstState,719,9
1438,GENETIC,10,BestState,720,2
1439,GENETIC,10,WorstState,720,9
1440,GENETIC,10,BestState,721,2
1441,GENETIC,10,WorstState,721,10
1442,GENETIC,10,BestState,722,2
1443,GENETIC,10,WorstState,722,10
1444,GENETIC,10,BestState,723,2
1445,GENETIC,10,WorstState,723,10
1446,GENETIC,10,BestState,724,2
1447,GENETIC,10,WorstState,724,10
1448,GENETIC,10,BestState,725,2
1449,GENETIC,10,WorstState,725,10
1450,GENETIC,10,BestState,726,2
1451,GENETIC,10,WorstState,726,9
1452,GENETIC,10,BestState,727,2
1453,GENETIC,10,WorstState,727,9
1454,GENETIC,10,BestState,728,2
1455,GENETIC,10,WorstState,728,10
1456,GENETIC,10,BestState,729,4
1457,GENETIC,10,WorstState,729,10
1458,GENETIC,10,BestState,730,2
1459,GENETIC,10,WorstState,730,10
1460,GENETIC,10,BestState,731,2
1461,GENETIC,10,WorstState,731,10
1462,GENETIC,10,BestState,732,2
1463,GENETIC,10,WorstState,732,9
1464,GENETIC,10,BestState,733,2
1465,GENETIC,10,WorstState,733,9
1466,GENETIC,10,BestState,734,2
1467,GENETIC,10,WorstState,734,9
1468,GENETIC,10,BestState,735,2
1469,GENETIC,10,WorstState,735,8
1470,GENETIC,10,BestState,736,2
1471,GENETIC,10,WorstState,736,8
1472,GENETIC,10,BestState,737,2
1473,GENETIC,10,WorstState,737,9
1474,GENETIC,10,BestState,738,2
1475,GENETIC,10,WorstState,738,9
1476,GENETIC,10,BestState,739,2
1477,GENETIC,10,WorstState,739,9
1478,GENETIC,10,BestState,740,2
1479,GENETIC,10,WorstState,740,10
1480,GENETIC,10,BestState,741,2
1481,GENETIC,10,WorstState,741,10
1482,GENETIC,10,BestState,742,2
1483,GENETIC,10,WorstState,742,7
1484,GENETIC,10,BestState,743,2
1485,GENETIC,10,WorstState,743,8
1486,GENETIC,10,BestState,744,2
1487,GENETIC,10,WorstState,744,10
1488,GENETIC,10,BestState,745,2
1489,GENETIC,10,WorstState,745,9
1490,GENETIC,10,BestState,746,2
1491,GENETIC,10,WorstState,746,9
1492,GENETIC,10,BestState,747,2
1493,GENETIC,10,WorstState,747,8
1494,GENETIC,10,BestState,748,2
1495,GENETIC,10,WorstState,748,10
1496,GENETIC,10,BestState,749,2
1497,GENETIC,10,WorstState,749,8
1498,GENETIC,10,BestState,750,2
1499,GENETIC,10,WorstState,750,9
1500,GENETIC,10,BestState,751,2
1501,GENETIC,10,WorstState,751,10
1502,GENETIC,10,BestState,752,2
1503,GENETIC,10,WorstState,752,9
1504,GENETIC,10,BestState,753,2
1505,GENETIC,10,WorstState,753,9
1506,GENETIC,10,BestState,754,2
1507,GENETIC,10,WorstState,754,9
1508,GENETIC,10,BestState,755,2
1509,GENETIC,10,WorstState,755,9
1510,GENETIC,10,BestState,756,2
1511,GENETIC,10,WorstState,756,9
1512,GENETIC,10,BestState,757,2
1513,GENETIC,10,WorstState,757,10
1514,GENETIC,10,BestState,758,2
1515,GENETIC,10,WorstState,758,9
1516,GENETIC,10,BestState,759,2
1517,GENETIC,10,WorstState,759,9
1518,GENETIC,10,BestState,760,2
1519,GENETIC,10,WorstState,760,10
1520,GENETIC,10,BestState,761,2
1521,GENETIC,10,WorstState,761,9
1522,GENETIC,10,BestState,762,2
1523,GENETIC,10,WorstState,762,9
1524,GENETIC,10,BestState,763,2
1525,GENETIC,10,WorstState,763,9
1526,GENETIC,10,BestState,764,2
1527,GENETIC,10,WorstState,764,9
1528,GENETIC,10,BestState,765,0
1529,GENETIC,10,WorstState,765,9
